{"cameraMode":{"drawMode":0,"name":"Shaded","section":"Shading Mode"},"sceneLighting":false,"audioPlay":false,"sceneViewState":{"m_AlwaysRefresh":false,"showFog":true,"showSkybox":false,"showFlares":true,"showImageEffects":true,"showParticleSystems":true,"showVisualEffectGraphs":true,"m_FxEnabled":true},"in2DMode":false,"pivot":{"x":0.035397469997406009,"y":0.006367407739162445,"z":-0.03782571107149124},"rotation":{"x":-0.019031666219234468,"y":0.9416346549987793,"z":-0.054023586213588718,"w":-0.3317134380340576},"size":0.036646317690610889,"orthographic":false}